,0,1,2,3,4,5,6,7,8,9,10,11,12,13,14,15,16,17,18,19,20,21,22,23,24,25,26,27,28,29,30,31,32,33,34,35,36,37,38,39,40,41,42,43,44,45,46,47,48,49,50,51,52,53,54,55,56,57,58,59,60,61,62,63,64,65,66,67,68,69,70,71,72,73,74,75,76,77,78,79,80,81,82,83,84,85,86,87,88,89,90,91,92,93,94,95,96,97,98,99,100,101,102,103,104,105,106,107,108,109,110,111,112,113,114,115,116,117,118,119,120,121,122,123,124,125,126,127,128,129,130,131,132,133,134,135
0,0,28,35,36,31,38,29,49,28,29,47,30,32,38,52,26,55,42,26,52,34,45,31,35,38,45,24,26,32,29,24,44,28,37,35,59,37,40,49,41,44,40,32,40,54,56,46,33,37,51,21,29,58,59,24,26,48,58,32,50,48,27,56,58,35,57,57,52,24,39,22,31,44,51,33,24,59,25,22,29,20,51,57,36,28,20,33,47,45,34,38,52,48,39,22,42,25,42,40,49,49,56,58,40,38,23,58,48,33,45,55,47,30,38,50,39,44,54,56,50,55,42,25,29,57,21,31,23,31,55,38,33,30,37,27,56
1,55,0,53,57,30,35,45,48,46,46,46,44,32,37,53,41,40,24,22,32,48,45,59,52,35,43,56,34,50,37,24,35,57,45,33,37,25,24,54,36,41,36,49,39,21,54,59,29,34,46,28,50,40,34,28,45,59,53,32,44,41,43,53,32,37,23,44,39,47,34,27,41,28,26,25,26,21,53,46,44,30,27,43,58,51,59,29,58,34,55,53,20,29,30,49,51,51,55,30,47,44,28,20,48,24,37,24,57,44,58,45,42,37,25,24,21,32,22,43,23,38,22,22,29,31,44,56,21,33,36,29,43,27,59,25,48
2,49,27,0,21,56,29,52,43,26,46,35,49,30,52,28,44,41,34,24,49,47,25,31,53,51,27,36,53,35,57,40,47,23,35,42,39,57,33,28,33,50,42,32,27,32,36,53,27,43,41,39,40,54,56,35,32,20,23,31,28,44,27,59,35,42,53,40,47,27,23,25,44,57,46,41,23,37,53,32,47,21,31,37,45,56,22,20,48,46,21,59,39,40,29,51,23,57,51,59,27,50,30,27,27,31,58,31,44,31,39,35,25,49,30,56,45,36,54,23,51,40,28,40,41,33,47,32,22,38,39,32,29,22,43,27,35
3,51,21,31,0,21,33,34,27,39,43,55,45,23,23,36,47,56,23,49,32,33,44,52,32,27,39,37,55,36,39,41,58,39,36,24,20,39,58,45,54,59,45,50,45,20,43,23,44,20,21,58,59,35,27,47,53,22,22,20,31,36,33,31,33,42,58,35,46,58,33,51,50,52,38,56,35,37,32,24,33,35,48,42,48,30,23,31,26,41,43,35,26,52,36,33,32,55,35,54,41,42,50,45,54,43,46,36,29,51,47,44,56,31,30,56,43,39,35,49,26,27,39,32,58,27,35,21,53,40,33,56,57,21,32,44,58
4,52,51,40,23,0,33,33,30,50,55,25,28,24,53,58,49,50,59,41,47,27,55,39,42,35,55,21,34,46,55,35,38,24,29,29,57,47,30,35,38,58,28,50,55,40,34,43,56,55,26,37,54,57,22,41,24,56,45,49,52,54,35,51,43,33,46,34,54,46,54,28,31,30,27,28,48,57,23,44,45,25,46,35,22,27,23,43,38,55,50,53,22,23,56,32,22,58,55,39,26,38,24,20,21,47,29,27,35,57,41,29,43,34,36,47,48,47,58,53,22,42,36,32,29,30,31,53,32,50,56,28,47,38,25,53,58
5,35,53,53,32,35,0,59,30,47,49,49,55,36,56,37,23,58,54,49,40,24,48,30,27,40,30,55,51,24,41,44,33,58,40,22,35,55,56,25,32,20,43,32,44,53,48,52,47,37,34,53,59,49,31,35,47,25,20,39,24,41,23,46,51,40,56,38,37,38,28,43,41,51,50,37,41,56,54,47,31,42,34,31,59,28,45,45,35,54,34,44,26,30,28,30,26,32,40,54,24,43,21,48,32,56,23,41,40,54,39,39,25,27,33,43,51,33,47,54,50,55,31,40,26,38,34,38,25,35,20,26,52,45,57,46,31
6,38,24,28,49,56,39,0,28,33,49,52,43,31,25,34,48,47,44,31,49,58,22,59,55,26,34,22,59,23,41,39,23,49,53,56,40,24,44,30,22,55,43,46,44,26,41,28,26,20,41,30,30,37,20,28,53,54,30,58,36,35,47,23,44,34,49,37,36,50,45,48,58,44,58,45,35,58,32,45,31,42,28,24,33,39,41,32,34,43,42,23,53,22,21,59,52,59,38,50,24,31,35,57,39,23,26,25,35,26,21,35,34,53,36,39,25,55,53,48,50,23,35,22,35,37,30,33,46,58,54,56,31,31,44,39,45
7,58,39,23,54,40,42,58,0,52,26,59,58,50,43,58,20,35,46,43,26,52,40,28,42,51,31,37,56,50,34,25,47,59,30,49,43,47,54,48,38,26,21,31,57,38,26,44,26,35,56,55,23,33,33,52,27,33,50,23,37,48,50,31,26,21,31,59,42,34,31,27,46,20,56,33,41,43,47,22,55,54,31,25,58,58,34,36,27,32,24,46,24,20,49,51,48,42,35,29,34,23,21,20,20,51,27,39,46,27,59,47,48,33,51,47,29,52,48,48,35,23,39,23,45,20,40,54,51,25,20,42,33,32,46,21,37
8,34,39,43,52,59,35,51,55,0,37,28,58,55,21,46,58,31,50,40,57,26,46,38,25,20,54,20,21,54,58,57,52,24,45,46,46,30,27,36,55,27,31,47,43,32,32,29,24,32,57,23,21,48,28,24,23,54,35,59,36,53,28,34,29,42,24,34,28,27,53,32,28,28,29,54,53,38,42,21,30,34,52,49,58,21,29,48,46,53,35,42,25,53,21,22,22,53,29,49,35,29,26,55,46,34,56,53,30,34,29,52,58,37,50,31,22,24,28,26,53,29,38,20,40,47,42,30,25,38,46,29,24,58,48,45,38
9,57,45,51,49,32,54,43,25,21,0,58,25,22,35,40,49,57,27,57,21,46,41,42,50,21,56,29,31,20,40,23,20,29,48,45,33,49,45,31,53,50,38,29,46,32,40,52,37,34,24,54,50,36,29,25,27,55,38,21,57,29,36,43,21,52,49,49,46,36,40,36,31,36,35,37,42,33,58,42,28,24,36,23,55,58,39,42,46,33,25,50,58,27,40,23,26,48,38,42,38,38,52,38,20,27,47,24,56,52,29,39,58,57,21,28,25,50,52,28,25,21,39,39,36,58,56,29,54,24,54,37,39,27,46,23,30
10,45,48,41,47,55,42,24,47,32,35,0,49,44,43,27,34,31,35,42,56,41,22,50,43,54,23,32,25,27,56,46,46,26,43,23,20,46,40,23,55,46,55,57,30,33,45,54,37,49,53,50,32,53,56,42,28,24,41,21,24,41,38,28,56,59,51,42,53,32,29,43,58,54,54,58,22,32,35,54,54,51,58,34,35,35,45,41,31,31,36,56,21,55,49,48,27,34,21,56,43,59,54,25,45,43,54,39,32,23,56,32,52,36,29,48,42,46,46,30,45,55,59,45,44,35,39,33,33,56,31,41,48,28,36,53,41
11,49,34,49,51,45,20,36,26,55,24,47,0,53,21,30,52,38,23,55,49,35,43,30,47,27,39,33,55,39,57,29,25,56,57,56,58,52,49,58,30,31,52,32,37,58,31,29,23,39,55,56,40,27,50,55,42,41,43,44,23,31,37,57,20,38,51,24,56,57,56,41,31,32,32,45,57,23,41,23,43,39,41,52,40,39,43,26,50,30,42,48,54,50,52,36,48,26,59,27,38,24,54,48,30,48,47,46,45,47,46,40,46,46,28,50,49,38,54,33,43,27,59,22,24,56,20,39,33,52,54,56,55,48,35,37,44
12,55,34,34,27,32,59,22,39,31,33,58,29,0,29,49,41,35,47,41,41,38,28,40,41,48,21,59,43,21,55,57,44,45,26,25,57,44,35,29,35,53,38,51,38,27,52,20,33,24,30,47,43,23,28,37,56,34,29,36,29,34,52,46,27,43,25,22,45,48,59,39,33,28,45,51,38,43,44,50,42,37,49,44,27,49,37,53,50,52,44,33,35,24,20,23,45,37,25,53,43,45,48,39,50,40,23,51,28,26,27,55,58,24,40,42,52,56,37,22,45,45,44,47,40,22,25,37,32,35,37,56,53,52,51,47,29
13,56,20,32,33,39,56,42,59,44,28,27,39,32,0,52,31,21,21,31,49,36,36,43,34,50,47,45,23,34,45,42,23,54,39,57,48,58,52,27,50,59,55,32,43,57,33,25,39,24,42,54,29,26,38,30,22,56,25,32,30,34,34,47,58,38,23,22,49,35,29,57,21,43,36,43,20,32,37,51,47,58,26,56,20,36,46,48,30,33,25,48,55,51,22,46,27,59,49,24,22,45,31,53,21,21,40,56,26,41,40,50,23,43,20,24,50,43,51,48,51,40,53,36,20,46,37,47,51,35,26,54,20,52,39,52,22
14,24,52,39,36,36,54,59,47,37,30,37,40,43,53,0,20,29,49,26,27,48,26,34,39,48,20,27,20,46,50,39,36,28,50,34,36,45,27,33,28,42,57,20,51,57,25,23,37,44,57,26,22,39,56,38,48,52,43,31,42,28,21,26,20,26,50,50,53,30,54,32,42,55,36,50,21,42,31,51,54,55,41,47,57,42,24,31,24,56,35,44,53,44,51,37,26,21,39,45,50,44,53,40,28,48,36,47,24,49,57,41,49,59,47,41,40,32,45,21,50,51,33,22,53,21,22,20,54,27,43,27,40,24,38,51,54
15,34,33,33,59,26,34,34,46,42,51,26,24,58,54,20,0,56,33,37,40,30,23,21,49,47,24,24,30,56,57,32,21,57,29,24,44,39,32,22,49,44,52,59,44,39,38,57,34,23,54,23,55,30,29,56,39,39,33,54,52,36,39,59,41,55,32,53,25,55,46,26,22,59,34,23,24,58,43,45,38,25,41,25,42,43,35,25,32,54,31,25,50,20,57,43,40,57,52,58,53,28,35,42,35,39,21,49,50,51,24,20,51,21,40,31,28,36,32,47,26,40,55,31,53,26,43,36,44,24,23,35,39,24,21,38,24
16,21,49,28,23,39,44,48,52,36,52,39,53,39,56,41,42,0,53,25,21,27,23,47,53,30,54,48,24,41,34,55,40,23,47,29,24,55,40,52,34,45,53,55,45,37,45,44,23,25,56,25,59,23,31,54,21,31,48,23,47,40,25,34,59,30,34,44,55,43,44,50,33,44,26,49,59,27,28,32,40,35,44,54,46,34,24,56,34,53,31,47,29,34,55,28,30,53,35,45,24,33,20,26,27,31,20,25,21,57,24,49,52,21,28,24,37,35,51,35,55,24,57,34,31,32,53,21,34,26,34,30,42,23,38,54,47
17,58,49,28,52,45,35,48,25,42,54,29,30,32,23,35,45,39,0,51,37,25,39,50,29,27,24,45,40,56,26,29,22,29,24,26,39,35,52,54,29,54,48,39,58,39,29,49,38,40,48,43,54,30,33,57,56,27,38,54,51,39,38,30,30,38,26,38,55,29,27,33,22,43,59,32,21,54,28,45,22,44,29,43,20,54,27,20,34,48,33,23,54,59,27,55,35,33,33,51,36,45,51,57,36,42,58,39,41,41,57,56,27,30,31,53,59,27,37,50,32,28,49,46,20,48,40,35,45,52,28,31,36,25,48,44,47
18,36,38,21,39,56,50,43,27,34,27,45,45,42,43,58,26,23,38,0,23,46,57,24,30,58,30,56,42,43,44,29,29,52,27,26,44,52,56,43,54,38,52,59,24,47,21,49,49,47,57,39,32,45,56,38,25,32,42,43,51,38,52,48,39,25,52,44,29,30,56,26,44,51,57,54,25,20,47,43,51,54,38,38,53,41,44,24,38,45,55,59,28,22,34,21,58,44,24,38,34,56,24,25,26,36,32,56,33,51,35,52,41,43,54,46,53,55,21,59,48,40,50,47,30,29,26,51,23,25,24,41,24,48,28,52,36
19,41,57,32,51,37,39,39,32,42,29,31,22,20,26,26,25,26,24,35,0,55,37,37,34,22,54,27,34,49,34,43,58,29,31,57,49,27,47,47,26,21,38,44,33,49,23,30,41,56,43,20,31,42,46,51,35,50,22,49,31,20,32,47,50,31,29,33,54,23,58,21,48,20,40,28,36,50,45,52,59,55,22,23,39,40,56,47,29,50,30,40,20,58,47,23,35,30,30,40,39,26,35,45,38,27,39,24,35,55,46,20,44,25,33,53,52,30,52,35,56,44,27,53,51,41,45,25,29,49,33,24,29,21,53,48,51
20,56,24,46,50,43,43,50,40,43,52,26,33,24,23,40,55,42,21,28,51,0,24,20,51,41,31,57,56,46,54,55,20,45,51,24,56,48,34,26,39,50,37,44,58,25,35,48,45,21,56,36,33,32,25,51,22,51,59,30,57,49,56,21,49,27,28,48,55,28,25,40,21,27,36,48,57,20,56,25,57,33,40,54,59,32,32,26,20,30,55,33,36,59,49,52,32,56,41,37,51,33,24,32,23,33,33,26,32,28,26,31,42,54,45,31,47,35,45,34,44,37,24,25,39,42,25,28,40,37,40,45,46,45,22,55,44
21,59,58,41,59,36,34,26,35,40,55,44,20,41,40,54,38,32,27,31,50,57,0,29,40,46,47,28,30,25,56,22,38,33,53,35,23,58,33,32,27,58,29,31,45,58,24,47,54,42,44,45,32,51,44,38,54,55,38,24,53,32,30,24,38,29,23,33,31,46,32,38,33,21,25,36,50,44,49,44,27,30,33,33,27,53,57,42,58,40,53,59,51,31,46,48,27,52,40,24,43,31,49,21,31,42,20,36,38,32,46,40,42,23,50,53,39,30,26,38,56,23,51,53,34,47,32,22,52,50,25,24,32,36,35,39,35
22,31,56,30,32,40,23,24,28,30,52,54,42,54,43,29,26,42,27,56,56,28,56,0,55,24,54,59,30,42,35,24,51,20,55,44,53,44,47,57,20,44,48,50,27,20,39,37,39,30,40,52,25,35,59,59,53,27,43,28,23,31,38,30,29,59,51,28,37,59,27,55,32,55,37,37,42,40,58,58,30,59,21,50,43,21,37,47,39,42,29,41,54,48,34,49,51,57,44,44,38,48,48,51,39,45,31,28,50,27,33,58,43,37,20,42,59,49,23,59,51,42,41,53,57,57,39,59,48,45,24,34,38,39,37,21,22
23,28,28,58,21,48,24,37,52,57,22,46,29,47,58,39,50,58,42,54,28,56,26,41,0,40,22,23,48,52,50,36,43,40,57,45,27,40,27,44,34,40,59,40,30,38,31,41,56,36,52,41,25,48,46,51,55,36,40,41,25,30,31,50,26,24,48,35,38,30,38,55,24,21,55,28,54,52,23,39,55,59,41,22,41,48,48,46,31,46,59,32,22,23,45,27,27,44,50,31,37,32,58,42,22,54,40,51,21,24,39,43,45,41,46,55,58,29,33,25,42,27,33,34,37,59,33,56,34,33,27,43,56,39,27,52,31
24,38,22,57,59,41,57,33,56,22,46,27,34,24,21,36,39,56,55,42,27,33,22,57,44,0,25,20,38,54,59,35,23,52,51,32,29,37,41,29,31,45,49,44,53,30,53,38,53,36,30,41,20,29,38,41,28,29,29,59,23,37,38,59,57,53,57,51,59,31,22,37,58,44,39,51,43,22,31,36,55,29,44,23,23,43,48,23,58,48,28,23,40,38,41,30,29,36,25,39,21,41,58,30,59,55,36,36,27,56,26,23,47,45,20,46,20,49,55,47,21,48,21,54,34,31,50,51,39,27,26,47,44,29,50,54,33
25,56,33,41,57,24,27,27,46,22,58,25,50,37,21,25,20,34,33,52,25,52,35,33,43,34,0,23,31,21,46,33,25,44,44,43,27,56,50,38,27,23,45,54,55,32,59,36,30,22,40,32,27,56,58,48,25,23,26,33,20,33,29,47,20,48,43,55,34,47,59,36,21,38,33,53,45,59,36,45,28,22,47,26,53,40,49,48,58,58,51,56,23,22,54,21,29,37,51,49,50,45,24,39,56,34,52,47,41,24,35,22,20,46,23,48,26,41,55,28,58,39,44,34,45,21,58,55,57,54,58,45,54,24,33,24,50
26,54,25,26,40,46,47,52,27,20,23,37,42,55,38,41,20,31,56,43,40,25,31,53,52,32,49,0,37,20,59,54,31,38,42,50,50,33,59,40,43,56,38,35,37,42,45,44,41,37,24,58,32,23,51,24,55,48,31,20,22,48,49,55,22,20,24,43,31,44,58,39,39,27,37,42,36,50,33,54,50,22,24,45,47,42,48,55,53,57,47,25,45,55,55,56,27,21,37,57,25,55,57,53,40,30,23,27,59,51,47,32,21,23,23,23,37,22,56,43,30,40,46,45,47,39,22,44,51,49,38,41,51,40,26,36,49
27,50,55,46,41,42,36,38,21,44,27,31,36,41,54,34,25,52,52,39,23,49,40,56,53,43,28,53,0,35,52,26,23,57,39,49,50,46,37,38,51,59,22,48,57,34,55,56,58,27,23,46,47,40,49,21,23,35,57,28,40,48,51,34,34,37,27,21,31,43,33,58,31,23,41,38,25,34,36,52,27,35,25,50,32,31,47,24,35,52,50,53,35,44,55,48,36,40,52,37,43,59,42,39,27,26,26,44,57,21,46,27,51,52,27,43,49,28,34,39,55,30,43,33,28,48,29,54,59,46,39,31,42,32,24,58,40
28,34,55,59,28,46,50,49,27,40,37,27,36,47,53,31,58,37,29,48,58,58,35,28,46,51,50,32,34,0,25,20,25,49,23,50,46,42,58,31,32,58,27,31,40,24,26,56,29,53,23,52,53,21,35,28,48,27,58,54,26,56,44,32,54,57,55,33,28,49,37,36,29,20,31,46,22,50,55,35,42,37,36,38,39,43,56,41,46,35,34,51,42,29,57,27,56,24,59,27,33,37,44,31,53,44,46,59,58,47,22,41,32,55,40,24,32,54,32,43,42,29,24,36,37,38,41,26,52,33,57,53,36,57,23,45,23
29,31,48,30,28,48,33,44,56,39,23,37,37,52,51,44,26,58,59,37,40,22,28,28,57,44,50,53,55,43,0,51,38,32,21,40,57,36,22,22,22,49,40,26,48,26,53,34,28,57,23,31,46,47,57,35,41,28,34,55,52,47,30,56,36,57,26,36,28,29,41,58,56,47,56,54,41,25,34,36,50,26,49,57,25,35,52,30,38,38,43,21,39,32,20,50,46,32,52,34,37,24,20,37,41,58,51,28,24,53,59,40,51,56,35,50,55,58,27,52,51,36,58,39,29,40,44,50,47,34,31,41,59,24,51,54,27
30,44,53,47,57,34,51,49,52,58,28,34,59,38,44,33,54,59,42,50,58,53,52,52,36,29,56,31,32,34,40,0,20,47,39,22,55,24,27,48,40,53,50,27,41,20,33,39,38,27,49,36,49,50,36,44,22,26,48,30,22,27,23,51,41,22,33,30,45,38,39,50,54,51,24,32,29,44,28,48,43,55,46,21,48,42,44,29,20,50,41,53,22,25,26,29,27,32,31,42,53,29,55,25,36,23,38,45,20,29,28,49,36,22,51,37,28,33,25,55,42,40,31,23,39,34,38,40,25,21,52,36,50,51,45,49,41
31,32,57,43,41,24,44,20,35,47,57,42,35,45,37,46,42,45,35,22,56,21,53,35,50,41,25,56,38,23,35,41,0,26,28,24,20,53,42,24,24,26,29,43,21,26,22,34,21,35,28,20,45,30,33,50,24,55,35,53,31,35,55,28,26,49,26,46,57,34,53,54,24,25,37,36,36,26,44,32,45,42,50,59,31,32,49,37,50,59,52,31,46,29,41,53,37,48,20,56,34,26,55,29,22,58,32,40,51,53,25,57,43,46,21,59,24,33,55,36,43,26,57,42,24,32,38,59,24,26,36,23,39,38,52,39,54
32,57,23,57,31,57,49,22,46,22,59,42,45,38,58,26,21,24,50,58,24,37,45,35,33,41,32,54,36,40,38,52,56,0,30,54,33,54,34,40,59,32,57,45,59,31,23,51,34,43,51,30,29,36,33,58,31,44,26,46,25,28,32,53,36,37,58,39,21,39,35,22,59,52,44,28,21,36,55,31,39,41,24,32,48,36,38,46,25,56,54,22,45,46,26,30,47,26,37,32,38,31,49,27,24,55,28,20,59,26,41,24,22,41,24,55,28,22,37,43,23,43,48,53,43,49,38,21,33,47,31,54,40,43,32,36,41
33,43,30,31,41,34,44,20,21,52,20,45,36,20,34,47,34,40,43,47,28,38,36,34,44,41,25,24,21,28,24,47,45,55,0,51,54,51,46,58,49,39,58,57,43,50,47,55,53,20,31,53,40,58,46,57,49,33,47,21,36,50,44,37,30,40,42,20,33,26,28,53,25,50,47,34,30,37,25,26,57,57,48,40,25,44,21,54,55,28,56,46,36,46,46,53,21,37,20,41,42,48,56,35,27,49,30,42,37,27,47,38,41,42,20,22,23,23,53,58,53,26,27,25,52,24,53,28,26,37,21,22,25,52,25,30,37
34,26,59,45,38,21,28,29,24,32,44,26,28,55,45,21,46,50,52,47,56,46,41,54,26,22,23,39,48,36,26,55,48,42,49,0,47,42,53,53,21,44,37,35,51,35,55,59,43,49,23,23,42,34,42,49,57,33,43,29,55,47,58,56,59,39,43,46,54,40,38,34,49,24,20,27,35,24,44,33,27,41,27,49,26,46,43,59,48,52,34,23,32,28,40,34,38,54,56,21,34,53,22,47,38,41,40,25,52,51,32,56,20,36,32,42,42,21,43,32,24,43,49,54,30,21,36,52,46,46,38,39,54,31,41,40,35
35,35,52,51,46,51,50,24,45,44,29,26,29,34,58,32,26,50,40,39,45,41,33,26,35,47,44,58,44,39,48,48,32,52,51,32,0,51,55,43,36,47,48,56,25,45,32,53,26,24,28,36,35,33,52,38,48,30,31,33,38,33,32,40,45,47,45,58,45,23,38,46,45,42,44,53,43,59,58,35,27,48,20,41,43,26,57,48,46,59,40,33,56,51,33,20,28,30,52,39,36,53,44,46,54,47,24,31,41,49,47,21,32,45,29,22,51,50,47,30,41,37,51,25,48,57,41,24,40,28,37,29,34,48,49,21,59
36,25,53,20,33,46,38,22,43,26,55,34,23,39,28,41,37,26,43,45,56,32,51,36,25,33,39,42,39,45,42,31,47,20,51,46,36,0,22,44,26,24,58,26,25,51,24,29,33,46,42,57,22,26,27,47,55,52,59,21,42,51,50,39,54,52,22,56,43,36,47,49,46,23,39,48,20,48,50,40,59,45,52,46,49,45,26,30,27,46,30,59,50,35,53,55,41,47,48,54,54,57,41,33,57,34,28,48,58,34,28,55,22,36,37,37,54,45,56,51,46,52,47,58,22,46,24,21,44,48,40,49,20,51,49,46,57
37,33,44,36,31,48,42,42,36,29,29,55,45,42,46,22,51,20,56,49,58,40,39,27,27,36,58,53,26,55,37,57,25,46,27,22,39,53,0,59,31,41,46,52,35,34,59,28,23,31,57,49,49,52,41,37,41,31,32,59,44,42,43,54,48,51,54,22,53,51,31,20,43,25,22,39,32,42,55,36,30,29,49,43,53,37,23,31,58,38,42,51,36,35,28,34,42,53,31,30,39,55,43,20,31,20,52,58,55,23,58,59,53,26,23,52,24,46,24,34,27,51,36,33,36,58,51,21,39,42,32,23,40,32,24,48,52
38,22,26,21,57,23,51,56,42,24,50,38,40,45,24,36,31,22,29,55,42,55,51,50,54,35,22,28,54,56,46,53,30,24,23,29,55,34,23,0,47,29,34,43,48,35,27,31,51,37,45,55,35,49,57,41,33,42,35,28,40,45,56,50,45,27,35,34,58,48,23,20,54,42,29,21,47,23,20,34,40,23,44,22,34,41,57,52,38,41,42,53,33,56,41,52,34,23,57,29,49,58,38,44,52,27,58,50,28,23,23,53,49,59,44,43,38,29,22,36,59,47,21,29,49,49,21,57,53,25,29,35,27,50,28,45,47
39,57,25,22,50,22,47,39,55,22,45,45,45,44,53,58,36,28,32,31,45,46,26,43,55,28,55,25,39,50,26,22,59,57,40,33,45,57,27,59,0,45,56,52,59,20,27,21,59,22,51,45,22,46,39,41,54,28,33,31,50,58,20,24,49,33,20,59,25,24,29,20,28,32,44,21,59,57,50,50,54,47,54,22,58,41,57,38,36,54,46,43,26,53,35,31,39,56,49,22,32,43,46,50,53,34,56,31,48,56,27,38,26,39,57,32,41,21,32,52,46,53,23,34,35,36,45,31,31,42,54,23,25,56,23,36,44
40,31,38,40,22,54,27,53,46,21,44,31,30,44,35,44,57,34,25,55,37,51,40,46,36,24,58,26,43,45,59,39,25,43,28,29,20,48,50,26,34,0,27,20,37,59,36,51,59,27,54,23,47,39,36,35,44,26,23,32,32,59,47,29,25,44,37,37,47,41,24,48,59,20,34,51,39,58,50,57,32,23,33,50,57,58,59,23,56,45,35,33,44,24,28,42,31,21,49,31,22,44,39,55,47,48,35,32,53,38,41,26,59,25,26,51,32,32,32,24,49,45,57,45,59,20,51,20,41,47,55,48,49,45,22,55,48
41,23,59,34,30,26,49,47,59,55,27,42,29,30,32,23,36,54,52,46,44,57,38,40,23,26,46,56,58,25,58,34,55,56,50,47,54,53,27,55,38,39,0,37,58,30,40,57,50,59,59,38,23,49,47,35,37,56,39,30,54,23,51,44,36,46,29,53,36,31,34,54,38,34,29,42,45,23,23,46,44,31,43,31,44,34,21,54,22,51,58,44,55,43,55,45,54,23,27,37,52,40,21,24,44,25,42,31,37,25,37,20,27,44,45,43,55,36,58,35,56,27,42,39,50,45,22,30,37,34,44,26,34,56,57,50,38
42,57,51,48,44,23,54,36,59,34,56,55,57,36,34,32,22,56,20,29,31,22,52,59,45,47,37,23,26,28,41,58,56,48,28,30,37,46,52,58,42,33,23,0,22,50,41,33,27,23,27,22,48,30,23,24,40,44,46,39,36,22,35,51,46,44,57,54,39,52,31,54,26,58,52,37,40,23,33,35,52,23,40,46,20,32,30,58,32,33,20,28,43,43,58,36,32,45,29,57,25,57,51,21,39,29,34,57,28,40,20,35,37,45,39,30,28,35,30,52,40,51,23,41,54,26,55,22,56,32,40,29,59,44,35,26,27
43,52,48,48,39,34,48,36,30,31,36,40,25,37,40,54,36,47,58,24,35,29,23,48,55,27,52,31,35,36,33,22,32,52,37,20,23,36,45,25,44,29,57,32,0,59,38,57,30,20,33,20,26,33,44,53,26,20,37,27,59,54,34,37,30,44,48,33,46,29,51,41,46,32,30,21,50,54,30,59,36,43,20,37,33,32,32,58,42,23,40,32,47,20,33,30,34,47,55,29,41,21,40,32,57,35,22,21,59,35,59,43,59,40,25,44,33,36,59,33,24,48,26,49,54,51,46,53,47,50,48,28,50,57,22,57,58
44,40,58,51,51,45,28,49,49,52,25,24,53,28,51,36,36,47,38,31,47,37,45,56,29,31,42,54,51,53,44,50,27,31,47,28,23,45,25,44,55,58,57,22,21,0,36,26,24,39,44,27,46,55,56,20,39,55,44,36,37,39,43,38,42,55,23,32,41,45,53,31,59,22,21,41,41,46,35,54,45,48,43,48,59,29,48,38,32,49,56,42,29,38,25,29,58,37,52,34,50,52,50,25,44,24,41,55,37,25,35,42,59,33,57,48,47,29,45,50,23,41,53,37,42,24,57,58,25,38,36,25,23,33,26,49,58
45,26,21,21,37,44,31,47,46,57,50,36,32,31,43,49,41,35,28,22,24,22,36,22,39,22,52,51,37,39,44,30,30,38,41,49,44,30,23,27,27,32,58,33,42,32,0,29,28,23,36,55,41,48,26,57,40,26,30,56,27,28,43,54,24,34,31,50,42,27,51,34,32,23,37,26,50,59,26,59,23,32,27,30,41,42,26,21,38,33,55,32,46,29,26,32,36,50,31,49,35,46,43,20,54,32,44,31,40,52,58,52,34,34,23,34,50,22,37,28,58,50,55,47,54,48,35,43,23,52,51,29,21,39,57,27,34
46,30,55,22,54,43,21,46,28,59,30,46,54,46,21,36,25,51,57,33,34,45,55,28,29,47,46,22,35,30,25,55,34,44,53,27,37,58,39,48,48,38,56,36,34,36,59,0,34,49,58,36,47,31,31,23,22,39,28,54,53,26,44,38,37,57,53,24,32,50,54,54,52,33,24,42,27,34,34,26,37,21,58,41,33,46,32,56,27,32,22,37,34,47,35,38,30,20,46,22,55,39,47,31,29,53,34,55,47,22,36,50,32,42,49,50,32,25,27,32,52,29,43,31,33,34,33,34,26,46,55,59,48,42,54,55,37
47,54,55,54,41,22,20,56,46,20,28,44,20,43,58,46,58,34,36,52,46,57,37,26,24,26,37,40,46,52,44,29,55,41,37,50,39,31,55,49,36,55,47,29,55,31,55,24,0,52,52,40,56,41,54,59,52,52,25,52,28,53,48,42,27,40,35,30,56,22,44,30,35,59,53,34,38,23,20,37,50,24,56,55,23,54,47,54,38,53,56,23,31,35,37,29,52,54,39,54,58,22,46,40,52,29,46,37,39,33,45,44,56,28,54,23,33,34,45,32,48,45,26,27,40,40,32,24,40,46,34,32,43,45,41,33,54
48,21,31,52,44,47,20,31,34,40,52,28,28,57,48,30,53,41,21,53,25,39,44,53,23,38,20,53,30,46,41,24,23,58,49,25,21,20,27,43,33,35,20,28,29,58,28,38,42,0,50,20,35,31,48,42,26,26,31,53,55,28,26,28,34,58,47,52,56,28,31,53,31,28,49,51,57,51,43,24,25,58,38,59,43,26,46,55,33,21,31,50,57,35,21,35,51,59,52,48,36,53,22,51,47,28,40,28,49,30,24,42,56,47,33,50,29,39,48,55,36,24,37,51,52,59,27,36,30,21,38,34,50,33,24,30,57
49,51,51,55,36,25,52,38,42,50,56,52,42,48,20,39,23,36,44,24,31,38,32,38,38,54,40,48,20,34,37,33,32,36,42,28,59,23,41,46,30,24,33,53,38,48,32,39,30,55,0,41,50,50,53,29,45,34,34,48,48,31,33,23,21,56,37,34,23,29,37,57,20,45,29,24,25,35,50,38,24,46,43,44,44,49,40,57,34,51,56,46,38,39,45,20,40,52,36,39,56,25,26,55,22,48,36,34,59,51,50,22,51,41,56,36,31,34,29,53,22,24,41,58,22,44,50,24,58,48,22,36,40,35,39,40,30
50,35,51,30,29,29,39,20,49,50,43,56,26,30,25,53,29,20,40,30,48,32,48,25,55,24,35,42,54,30,33,35,49,57,21,56,57,34,41,44,29,59,39,47,44,51,54,53,23,33,44,0,26,54,33,35,54,21,44,23,42,57,29,20,57,40,42,29,54,28,53,45,55,57,38,46,49,48,36,30,39,43,51,46,35,29,48,53,25,21,52,54,36,34,24,27,24,26,31,42,28,40,58,30,55,44,51,40,32,41,54,38,23,36,40,43,23,37,55,50,49,59,32,41,43,28,55,33,53,56,29,27,50,52,26,47,57
51,44,58,27,59,49,44,40,32,56,47,34,51,44,44,40,34,35,36,59,57,57,44,45,37,59,40,23,43,33,42,59,50,39,43,45,49,55,40,39,55,47,50,50,24,50,34,40,23,20,48,31,0,49,30,49,34,52,37,36,23,36,26,31,30,26,28,51,25,38,45,30,49,56,23,59,48,41,27,27,46,31,20,41,55,24,25,56,47,21,39,30,42,28,50,30,46,48,29,51,52,47,25,55,22,42,39,21,49,47,35,20,29,51,30,41,49,21,58,20,26,31,57,42,43,44,33,29,33,47,34,40,58,49,27,20,26
52,26,33,43,29,56,28,28,22,41,22,21,20,28,32,49,36,42,52,30,37,35,37,29,56,53,38,58,44,48,34,33,53,55,33,32,45,36,28,27,20,48,51,30,57,28,41,45,29,36,44,56,57,0,45,51,36,52,32,55,23,52,53,59,21,46,30,27,33,35,32,53,31,54,23,36,58,29,51,49,20,49,38,48,27,38,28,36,31,57,49,21,32,34,52,20,24,34,39,53,56,45,29,22,56,49,38,30,49,27,34,37,31,42,44,41,53,34,31,26,27,51,41,50,45,40,45,56,29,59,26,32,33,27,38,22,20
53,29,58,52,34,41,49,21,35,47,20,47,43,35,22,42,58,20,21,35,43,47,30,39,57,23,56,42,59,49,38,54,45,36,37,43,52,43,44,26,33,40,54,37,58,41,50,35,21,37,53,52,57,37,0,37,23,55,44,26,39,57,35,30,41,54,43,41,49,58,32,39,35,55,48,56,24,23,30,29,39,54,22,41,23,43,43,22,45,37,50,47,25,55,45,30,30,59,33,42,24,31,21,51,42,44,36,42,42,36,39,22,48,29,20,48,31,51,32,35,58,37,37,26,44,48,49,35,26,29,25,29,44,20,28,25,28
54,50,20,48,46,58,32,39,33,56,24,32,27,25,41,36,47,23,52,39,56,42,21,39,41,38,28,20,44,44,27,57,36,38,48,51,49,44,52,23,22,22,34,24,24,50,35,25,33,23,55,59,31,46,44,0,49,44,34,48,37,53,50,21,47,32,20,41,38,37,53,39,27,52,47,25,40,44,29,26,24,53,54,28,23,33,23,38,42,42,32,51,58,55,46,47,39,50,22,33,54,40,44,44,37,36,22,20,53,21,46,25,29,25,41,38,35,57,44,53,36,52,50,55,51,27,41,58,58,57,22,59,51,59,27,33,56
55,34,56,51,30,48,53,55,40,37,48,41,31,22,24,37,49,33,33,52,37,48,49,46,24,55,24,47,33,30,28,49,57,33,41,57,38,58,50,43,58,53,34,20,35,29,59,59,39,20,30,54,30,34,45,48,0,44,31,48,40,42,36,20,44,31,22,25,22,45,33,20,40,27,31,35,27,59,27,55,26,28,50,52,27,48,25,37,40,56,36,50,37,26,56,29,29,28,30,50,47,26,22,36,31,39,48,46,32,22,35,41,35,58,59,20,21,54,45,25,49,59,52,27,50,28,31,52,56,52,39,34,29,27,35,23,23
56,40,57,56,43,22,57,33,33,29,38,56,56,22,22,42,37,42,27,36,28,38,28,38,51,41,24,22,40,50,54,56,52,25,35,59,38,59,29,54,24,51,42,47,47,57,44,27,42,21,34,36,31,38,54,36,36,0,23,57,30,24,42,55,35,54,30,55,34,45,35,51,41,56,25,21,29,52,54,56,33,26,44,20,47,34,34,44,59,31,41,35,48,54,44,52,57,48,34,21,36,36,53,41,50,52,27,49,30,36,27,46,24,52,22,48,59,52,38,30,35,55,26,52,56,28,24,27,33,53,56,36,41,20,30,46,32
57,25,35,37,42,58,51,33,52,41,22,36,21,27,40,37,36,38,30,37,41,40,30,55,24,42,26,30,40,36,59,47,53,29,42,45,52,25,35,58,47,35,56,37,57,58,36,43,50,27,27,43,56,29,50,54,57,22,0,49,41,22,30,26,23,43,40,53,50,54,53,48,26,42,57,39,31,44,53,36,36,59,46,44,57,46,56,33,41,38,20,21,29,22,37,53,21,31,55,51,54,22,45,51,58,31,31,42,52,27,36,24,50,42,50,31,58,32,32,25,23,21,51,29,42,52,48,20,56,58,33,35,50,24,35,32,48
58,20,43,39,47,34,22,42,26,33,49,57,55,27,51,58,31,53,27,42,26,46,58,24,58,28,57,44,41,35,27,54,26,45,33,50,50,46,27,25,26,56,58,48,27,26,45,28,57,23,58,35,43,43,47,45,34,21,25,0,54,53,54,34,43,20,21,58,32,52,45,20,41,59,22,43,56,30,33,24,54,47,28,57,46,59,32,54,22,43,30,32,30,43,40,57,23,56,37,23,38,49,32,37,52,40,23,23,20,32,51,25,28,39,25,39,31,53,21,35,43,48,52,33,37,59,52,31,23,36,24,53,58,59,25,29,29
59,35,28,31,49,49,22,35,58,22,25,59,33,57,35,38,36,32,52,28,35,28,20,20,59,43,35,29,58,50,54,59,24,27,31,39,36,48,48,55,31,53,22,50,22,54,49,47,27,29,22,27,41,20,31,37,34,34,32,20,0,51,38,34,35,34,53,33,51,57,23,22,36,53,37,49,29,29,42,48,22,28,36,47,29,23,46,34,50,54,40,22,39,37,22,41,59,53,54,57,31,35,39,23,20,22,36,57,33,33,31,37,22,41,32,29,21,24,45,28,43,49,42,30,31,26,40,58,33,23,43,50,34,26,40,32,36
60,36,34,40,54,35,24,53,36,52,50,25,36,31,34,55,59,50,55,57,42,29,53,30,46,22,34,35,38,22,43,43,55,57,28,52,52,50,35,22,34,30,56,58,50,56,35,44,40,40,48,30,49,31,46,47,52,31,44,24,34,0,55,57,33,38,30,42,23,56,37,45,50,50,39,27,51,22,27,38,28,38,45,40,25,30,31,23,28,58,35,57,54,35,33,34,34,49,46,29,52,58,20,22,46,32,29,29,30,39,57,29,27,58,27,42,21,51,25,32,57,36,20,26,21,47,56,59,36,54,30,42,29,31,41,37,27
61,37,46,49,46,37,58,38,51,27,33,59,58,57,24,33,54,24,40,46,52,43,56,42,37,49,47,31,38,49,32,50,32,33,38,30,40,48,53,42,58,34,44,59,20,29,47,32,49,38,46,37,45,41,38,23,51,51,29,53,49,45,0,33,22,41,39,45,36,23,50,57,29,49,36,31,22,57,38,45,22,58,23,43,52,51,33,35,25,43,56,25,38,45,39,45,46,55,58,49,22,42,57,52,40,43,32,26,31,36,59,29,56,53,50,20,25,21,40,20,43,23,53,48,52,44,59,50,32,55,54,56,51,35,20,27,37
62,46,43,25,34,29,21,52,50,23,25,54,49,34,27,41,32,39,58,31,41,43,30,52,26,38,34,53,26,55,42,49,22,22,43,52,52,21,33,37,50,51,56,43,59,35,52,40,40,40,25,59,24,48,20,44,38,37,54,24,48,25,58,0,47,29,31,50,42,44,46,36,31,23,51,41,22,37,21,46,20,39,55,57,38,47,48,48,34,50,55,55,44,32,33,54,53,37,43,50,28,27,50,58,21,36,37,28,30,40,49,50,23,44,20,24,28,35,32,58,32,55,22,29,41,52,44,51,32,53,22,53,58,22,49,45,44
63,21,43,54,42,48,54,58,43,28,53,58,35,47,32,39,26,29,44,37,50,48,28,50,58,43,26,25,44,58,45,26,34,46,45,27,26,58,30,38,56,21,30,35,27,54,26,20,45,33,54,33,24,36,39,43,37,34,30,30,56,46,22,28,0,21,33,42,48,29,27,47,34,43,27,53,47,47,37,39,39,50,51,39,42,21,30,33,36,53,42,39,27,43,48,46,44,22,55,46,35,31,59,58,30,55,42,46,39,43,45,45,44,41,38,49,51,50,29,58,49,32,23,43,53,49,26,43,54,38,36,23,31,35,37,46,57
64,39,40,54,44,59,34,55,36,47,58,30,29,32,21,51,57,38,31,25,55,33,31,35,42,40,24,29,46,28,44,26,49,35,33,26,59,32,29,49,30,32,34,50,24,22,39,27,32,34,54,34,51,56,43,35,56,25,35,41,25,34,33,21,27,0,37,28,53,20,23,52,48,23,36,36,49,40,39,23,36,27,39,53,50,38,45,40,40,39,39,45,32,22,48,56,35,47,30,24,39,25,24,50,53,56,46,46,58,47,26,32,25,38,20,25,39,36,51,28,43,36,21,23,20,25,50,32,28,32,28,53,53,30,35,28,45
65,50,52,57,23,20,56,29,27,20,55,35,32,37,57,48,37,41,46,29,59,42,20,34,31,39,39,49,33,25,44,22,28,56,43,48,37,27,29,51,45,43,37,47,50,34,24,45,49,38,57,25,20,35,57,57,51,32,24,39,44,37,39,45,41,57,0,20,43,41,52,46,27,23,53,37,39,56,26,49,55,27,35,57,33,57,40,59,53,25,48,48,25,45,26,31,45,26,50,33,58,55,51,33,23,55,20,41,47,32,59,27,59,34,45,23,29,33,50,59,54,24,59,28,24,32,47,37,30,25,29,21,40,44,38,29,52
66,26,30,35,41,47,36,26,54,36,49,36,30,47,52,23,33,27,47,20,33,32,51,29,20,56,49,26,25,58,26,31,57,22,38,50,42,35,34,28,20,44,59,52,50,30,26,38,46,59,51,52,27,40,53,53,44,28,24,59,46,50,55,56,27,36,55,0,46,32,35,39,58,52,49,46,29,36,50,42,59,22,26,38,36,40,56,27,28,22,21,55,20,53,57,27,23,41,25,50,48,36,30,45,49,28,40,43,45,47,26,48,33,30,29,50,50,22,29,41,33,53,37,57,39,43,23,45,53,36,52,32,22,21,50,34,41
67,40,48,37,25,48,46,51,43,38,50,40,30,28,44,57,21,29,59,22,34,33,50,37,37,35,33,20,41,39,33,55,24,45,46,49,47,22,45,55,52,53,41,38,25,39,53,44,54,27,41,50,36,45,54,58,54,34,34,48,38,42,40,59,31,40,21,59,0,55,40,36,39,46,56,43,20,42,41,43,30,38,53,50,23,56,37,20,46,29,52,35,26,43,24,47,46,43,48,39,28,35,57,53,50,58,35,32,40,48,38,39,23,50,54,58,31,54,40,53,53,39,33,40,37,53,35,38,48,27,24,43,27,48,28,34,31
68,26,21,32,23,36,40,34,24,46,53,48,35,38,39,45,59,50,45,30,49,27,24,34,50,43,55,45,34,32,48,27,52,41,20,34,51,57,46,39,30,40,47,32,34,36,48,37,24,58,50,49,48,40,54,45,56,22,48,53,39,53,54,49,26,26,59,31,24,0,25,44,34,27,55,35,48,53,34,33,29,21,35,29,20,22,50,53,58,39,49,23,33,43,52,28,26,26,31,28,47,50,26,53,26,24,39,20,25,21,58,38,48,36,58,43,58,34,35,29,38,52,24,59,59,20,59,54,51,20,24,52,25,48,46,54,41
69,38,20,50,45,50,50,57,49,40,47,20,31,28,24,28,46,46,36,42,35,36,42,51,53,30,36,21,46,29,43,37,33,59,23,53,57,29,46,51,58,22,26,29,31,21,58,41,35,48,43,20,51,39,31,40,55,44,58,39,22,31,22,21,45,56,23,32,29,37,0,44,21,24,31,33,50,35,33,39,41,21,44,40,36,29,44,28,59,58,50,28,52,45,42,52,45,50,45,54,48,54,40,51,42,57,46,58,40,39,35,53,26,37,23,55,53,57,20,59,48,51,32,37,26,25,52,40,47,26,44,45,26,38,29,20,20
70,34,20,59,26,53,40,38,56,25,56,20,43,31,56,39,35,58,50,59,49,55,34,20,37,52,35,23,47,23,20,31,37,38,54,52,38,50,59,27,44,42,58,57,52,37,54,27,43,42,59,33,38,46,59,30,40,34,57,30,59,42,46,20,23,26,33,46,24,21,47,0,25,38,44,23,26,22,55,31,25,34,29,38,37,28,24,31,57,41,56,42,44,43,28,34,30,29,49,54,31,53,31,43,41,54,42,23,21,52,23,55,52,36,20,31,30,36,26,32,37,35,30,23,48,32,40,41,26,38,37,22,32,45,40,36,49
71,21,30,56,45,33,31,50,29,21,42,32,45,33,50,28,46,22,29,40,55,32,40,37,34,59,58,24,50,37,52,48,28,27,27,51,39,45,27,24,24,46,58,20,49,27,38,48,28,38,28,36,51,47,36,44,38,32,25,55,29,41,21,33,56,53,29,24,27,42,42,40,0,39,37,59,35,54,35,53,49,23,24,36,46,53,41,51,26,45,58,50,39,44,44,24,43,22,27,27,37,23,42,47,25,44,58,51,40,29,48,35,55,54,52,24,21,24,29,28,45,47,22,59,47,26,21,46,35,41,31,44,25,27,47,40,42
72,33,51,59,47,26,33,51,53,55,25,47,25,49,44,34,53,35,48,22,30,48,33,43,24,25,58,39,20,41,55,47,41,39,40,52,53,55,28,53,47,30,29,25,25,50,45,51,33,45,35,54,44,42,36,39,36,54,56,51,30,37,47,43,48,32,33,23,34,56,24,49,26,0,53,52,42,28,29,38,37,30,51,52,23,45,44,23,34,24,30,54,28,44,38,57,30,30,53,29,44,47,36,38,38,57,45,23,26,21,54,40,37,30,25,28,38,47,38,36,47,37,33,38,54,23,58,41,42,53,44,36,49,21,45,48,48
73,53,27,45,26,21,35,40,42,36,50,28,45,54,29,37,42,33,33,36,28,35,39,50,46,53,49,39,52,54,25,43,21,22,20,21,49,51,36,40,58,22,27,25,41,54,52,25,32,48,27,59,55,56,46,39,33,59,24,50,52,37,35,35,26,58,20,35,23,31,55,31,54,28,0,51,59,26,50,58,41,28,28,41,29,31,56,54,52,53,43,26,39,36,56,33,38,42,34,42,54,40,51,38,40,42,45,26,38,34,45,46,55,49,51,24,20,29,29,40,33,35,54,57,59,47,47,31,54,27,31,40,45,30,44,42,48
74,45,21,29,57,39,40,29,29,51,32,46,32,20,56,40,40,50,33,57,34,44,36,31,46,28,20,31,24,51,20,40,23,48,24,55,37,25,33,43,29,48,54,45,27,58,28,48,41,23,38,34,36,35,52,23,47,27,31,25,48,56,59,46,36,38,56,25,25,59,27,45,46,21,46,0,51,41,52,27,27,30,46,49,42,57,32,23,53,40,27,29,48,47,35,24,29,40,20,54,42,46,52,26,52,29,56,30,59,37,57,56,28,33,25,31,54,40,46,24,46,38,26,37,25,31,26,24,41,51,27,39,33,59,32,59,52
75,52,22,26,23,42,29,55,34,37,46,40,23,56,40,27,34,22,31,54,38,51,43,58,56,24,21,49,24,54,40,43,28,37,31,53,43,47,32,33,56,54,40,27,50,23,58,42,29,50,22,47,47,22,27,52,52,24,27,30,56,24,37,46,52,23,31,34,52,44,41,55,30,48,50,24,0,46,49,59,21,23,28,59,29,45,55,20,58,22,51,46,54,28,47,26,31,23,25,34,28,50,27,20,58,55,35,35,24,21,21,56,27,28,36,52,29,20,33,49,48,43,29,23,28,51,46,24,47,56,33,45,28,47,24,56,49
76,20,49,59,58,51,37,34,42,39,55,49,24,23,46,20,29,32,47,24,30,49,24,42,59,46,46,41,31,38,45,33,46,44,28,42,31,48,24,27,51,34,32,51,51,41,20,35,57,38,54,52,54,22,38,24,42,31,58,26,45,38,37,22,49,41,21,38,50,35,20,33,23,28,50,39,25,0,43,31,43,55,43,54,33,55,52,51,30,54,25,39,58,20,41,37,39,23,53,46,54,35,20,43,49,59,26,49,21,41,34,27,46,37,52,53,55,46,59,25,52,56,45,55,43,57,25,58,59,32,30,54,50,35,20,41,27
77,30,20,45,23,37,59,27,45,23,42,36,55,31,24,48,41,35,51,24,21,58,45,55,49,56,38,41,36,35,37,29,45,49,25,48,46,25,59,34,24,37,53,44,45,38,26,31,34,56,50,53,41,30,28,30,55,25,40,24,35,47,37,44,28,54,37,42,45,54,38,43,49,44,24,39,24,32,0,37,23,22,52,29,58,30,50,24,41,24,47,32,37,44,24,55,20,35,48,25,54,38,48,27,40,28,47,34,44,46,21,47,24,34,54,48,57,37,29,56,22,49,20,36,28,33,22,47,57,55,28,58,47,50,50,40,22
78,41,58,51,47,59,37,32,37,40,58,32,45,34,32,54,33,30,33,48,39,23,23,45,53,35,33,20,22,43,34,43,55,43,38,44,55,21,55,59,41,59,52,25,45,27,50,29,42,41,56,53,48,36,55,51,21,38,53,31,45,42,22,40,29,26,30,42,29,45,52,45,45,22,59,50,24,41,32,0,28,35,30,50,55,42,22,50,27,42,57,56,54,51,52,59,47,25,45,48,57,39,22,55,20,44,22,47,35,37,59,20,25,48,54,50,54,56,54,37,43,48,32,59,48,46,52,30,57,47,20,51,34,39,39,40,36
79,48,58,30,39,53,28,46,50,51,30,58,40,51,29,44,32,28,56,41,53,33,54,22,43,55,55,40,55,54,25,36,25,29,34,24,49,50,41,54,42,36,46,47,32,41,21,20,41,24,47,24,41,25,26,22,51,46,28,58,41,25,36,52,33,41,31,56,30,59,22,51,46,52,31,34,57,41,28,53,0,48,57,29,59,29,47,34,50,49,53,56,42,51,25,29,26,40,26,34,26,25,33,33,24,50,31,53,54,44,43,33,36,53,23,48,33,43,50,52,21,40,30,31,22,41,53,28,26,46,21,26,55,39,49,59,59
80,26,43,54,46,59,49,27,59,26,43,52,53,52,45,29,39,54,41,34,20,26,53,59,55,49,38,49,26,48,22,22,25,21,35,43,20,27,48,20,35,35,36,23,47,26,26,39,26,49,40,58,42,52,57,37,35,39,57,29,22,59,37,50,21,20,21,20,47,22,58,47,50,41,45,30,31,24,45,21,30,0,48,58,52,28,23,41,41,36,49,46,30,33,34,53,36,57,30,33,23,21,49,21,28,20,59,53,36,43,55,40,58,28,36,59,59,51,23,39,25,44,37,59,21,55,55,46,51,58,26,37,30,22,31,53,59
81,29,34,30,40,44,25,41,42,39,47,25,34,39,39,59,46,25,32,58,42,20,22,36,37,47,44,22,57,24,20,49,40,55,42,59,47,39,20,49,34,21,37,56,41,26,33,39,46,54,54,38,37,41,34,33,36,27,25,58,53,28,53,44,44,52,55,39,20,43,33,55,53,43,41,30,35,39,20,58,58,30,0,20,50,35,56,34,48,36,27,37,21,32,22,26,38,55,31,50,46,47,20,38,48,56,50,40,53,37,57,32,38,26,34,36,30,27,42,42,54,35,29,52,45,38,37,24,56,26,26,53,35,52,38,38,24
82,44,52,30,25,54,59,44,47,37,29,26,48,21,28,39,30,52,53,20,58,50,29,42,52,36,55,41,49,37,54,54,59,43,22,34,24,58,24,24,56,20,50,34,59,47,50,49,55,44,21,41,33,28,23,56,37,52,49,54,52,57,57,28,55,43,54,22,23,24,34,50,54,53,38,58,44,55,22,55,30,52,22,0,21,58,58,50,52,37,27,52,27,31,37,52,45,49,51,32,34,58,36,44,21,31,42,28,33,50,52,50,24,49,20,43,34,42,28,31,37,20,55,34,48,38,49,50,46,26,39,53,26,24,32,31,39
83,48,46,54,23,47,29,22,23,27,26,45,50,21,25,54,22,28,33,58,39,58,42,28,47,28,33,59,27,50,24,21,36,38,58,34,24,22,49,53,34,26,50,43,31,51,59,58,36,28,44,47,53,40,58,53,51,28,37,25,57,30,50,51,31,34,20,35,41,57,44,24,45,42,31,51,40,59,56,20,35,23,25,28,0,23,20,48,42,25,20,28,37,47,59,42,31,56,42,28,57,25,53,50,51,36,33,50,38,27,33,40,47,37,22,48,32,39,55,45,55,23,25,58,30,54,44,56,35,29,39,38,20,33,53,24,20
84,58,40,38,34,41,34,44,40,27,32,38,37,26,31,35,27,29,37,40,44,56,41,49,27,54,43,38,26,54,24,40,20,23,36,21,42,25,49,40,56,23,57,32,29,57,37,46,43,34,45,48,49,59,34,54,45,23,55,39,34,31,58,41,53,30,50,31,58,23,50,29,21,38,51,33,24,41,43,23,50,42,26,23,32,0,49,42,45,25,30,20,59,34,22,39,44,35,44,40,28,30,58,23,55,43,20,56,57,39,58,57,55,42,25,50,42,43,58,48,39,36,37,55,40,25,56,43,31,27,34,53,44,22,36,59,36
85,25,49,59,55,30,49,27,23,26,25,40,26,33,35,50,57,31,58,51,56,26,43,46,25,43,52,39,34,57,30,29,29,51,33,24,43,29,51,30,51,29,35,44,48,26,31,37,57,44,59,54,53,58,42,28,21,44,32,21,58,56,39,33,47,53,58,30,31,49,57,21,47,34,50,31,32,35,44,43,59,34,31,55,26,52,0,59,56,55,51,54,39,23,46,21,38,34,26,22,28,26,51,37,35,56,57,48,26,52,44,20,33,44,29,56,24,56,55,38,23,23,51,57,42,43,58,21,43,39,38,29,23,35,50,43,32
86,52,41,49,28,20,33,43,59,43,51,26,21,28,33,20,34,50,52,22,41,48,33,31,56,37,20,36,54,33,34,48,24,49,27,31,50,46,59,35,21,40,41,20,58,59,50,52,39,47,41,44,54,55,43,50,36,21,36,45,51,45,22,37,57,23,55,46,48,24,51,55,25,34,48,57,51,57,38,36,36,26,51,31,57,27,38,0,57,46,31,44,26,35,23,38,52,33,24,42,39,41,47,32,26,35,45,53,49,57,22,32,32,58,32,59,57,29,33,47,59,27,29,24,29,49,59,59,28,47,33,25,26,33,26,47,39
87,56,57,59,56,24,41,52,37,23,28,37,36,56,28,25,22,52,54,42,50,31,29,37,34,28,20,24,51,34,28,54,55,49,49,45,33,40,32,49,27,33,44,39,51,23,23,20,43,35,35,42,57,39,47,57,42,27,35,55,41,57,49,41,49,41,23,42,31,48,24,47,29,32,51,49,53,28,28,28,56,40,58,48,25,25,34,52,0,31,46,34,30,21,48,24,43,42,34,47,57,31,31,58,41,44,34,50,52,34,40,33,37,45,23,55,39,55,56,25,54,51,22,57,32,33,34,22,36,51,40,32,55,49,28,22,51
88,25,40,33,52,23,46,51,44,27,31,35,39,23,35,23,27,35,38,37,28,42,41,33,35,44,24,43,57,25,52,25,52,32,52,43,31,46,44,51,26,48,46,22,51,39,27,40,44,39,49,45,54,43,55,38,41,38,57,26,42,34,37,39,47,21,41,32,32,28,59,42,48,55,45,53,21,50,40,47,59,57,47,34,27,55,56,35,57,0,29,24,21,20,58,32,49,22,49,58,42,29,30,51,59,31,23,47,59,25,41,35,21,30,50,33,32,33,24,21,53,43,40,57,48,27,21,50,57,50,32,47,45,51,20,33,50
89,22,53,32,22,51,32,30,46,29,43,26,53,23,22,36,37,54,24,31,37,28,47,20,32,55,29,26,56,47,48,33,52,57,47,42,57,56,24,58,29,51,47,34,42,33,29,55,36,44,33,49,42,22,49,23,31,56,32,20,34,42,48,28,53,27,26,24,41,31,26,38,41,35,36,52,53,40,48,50,51,40,29,49,29,42,54,24,40,33,0,50,24,33,26,30,56,38,48,41,30,55,41,20,21,35,55,47,20,24,22,25,24,59,26,27,46,38,44,55,40,59,30,23,39,47,59,51,46,38,34,48,51,27,58,34,22
90,27,47,31,41,52,43,57,55,30,47,41,52,35,57,30,59,55,27,57,21,44,54,51,22,46,55,47,31,58,43,39,56,25,45,59,26,59,36,27,26,45,47,27,56,36,50,58,32,28,35,32,39,48,56,46,29,37,49,54,44,58,52,37,59,29,21,38,30,34,23,32,26,46,29,44,23,39,30,41,39,44,56,38,20,54,45,39,53,35,43,0,24,34,33,42,20,59,58,35,37,52,22,29,24,57,56,56,52,26,27,28,38,49,36,30,26,40,48,22,44,22,32,42,21,49,31,24,56,51,59,59,31,43,23,36,30
91,48,28,36,58,52,39,52,46,23,48,52,24,57,56,25,54,46,42,34,58,59,38,48,26,40,54,37,58,26,35,20,23,42,23,54,54,35,55,57,49,41,46,54,27,21,37,44,58,26,33,57,22,54,30,29,20,37,46,42,46,23,35,54,59,37,56,48,23,53,59,33,26,50,59,37,24,34,24,51,22,57,45,25,55,42,55,42,20,36,45,49,0,58,33,50,42,58,24,24,52,44,59,25,40,41,35,32,58,38,39,37,38,36,41,56,54,42,23,44,57,48,33,29,41,55,58,24,46,22,46,38,20,49,39,31,24
92,57,28,46,56,38,50,39,21,25,36,20,26,45,42,53,37,33,58,57,26,42,45,25,26,38,39,31,40,21,29,37,34,55,21,49,49,46,59,45,50,54,25,38,25,26,28,53,31,39,44,34,54,37,43,58,52,47,48,35,24,32,23,26,57,57,20,54,41,54,40,28,45,42,31,44,57,22,25,40,45,25,27,33,35,53,51,20,27,28,30,51,54,0,56,54,22,38,57,29,54,26,53,37,20,34,39,35,42,42,31,57,34,35,34,48,45,50,21,54,45,28,47,37,44,39,28,50,50,47,51,39,25,58,37,42,40
93,23,31,21,50,58,22,59,23,57,45,26,45,30,46,38,28,39,59,32,47,56,32,31,41,22,51,53,44,31,24,36,31,34,46,23,47,47,30,30,43,20,38,36,20,38,54,20,59,47,33,38,47,30,56,50,49,44,35,42,28,29,40,26,53,21,29,44,47,59,57,45,32,42,34,40,37,20,55,40,52,39,57,40,49,35,35,29,54,56,28,25,31,52,0,57,48,21,25,54,47,55,54,33,27,31,34,39,59,22,44,22,43,26,37,20,21,56,42,29,20,38,36,31,30,27,48,28,27,30,51,22,52,40,37,40,27
94,43,52,23,29,51,42,32,23,53,41,41,35,38,25,47,59,46,30,43,32,35,21,22,41,22,58,50,21,27,38,42,21,43,38,55,30,51,28,36,55,21,24,51,21,35,42,23,35,47,47,54,55,28,37,34,48,48,31,23,54,32,53,49,24,51,58,33,47,29,27,44,26,23,59,26,21,22,41,21,48,33,45,21,24,23,49,29,55,48,31,29,58,24,35,0,51,40,31,41,32,22,29,29,26,56,21,53,58,25,50,46,38,42,25,34,38,24,45,25,56,22,40,20,26,33,42,39,34,51,43,21,46,43,30,27,53
95,52,22,54,33,30,48,34,59,35,28,34,43,45,32,44,42,25,21,55,44,54,58,47,37,44,43,32,52,50,44,26,44,39,25,21,44,24,34,37,25,24,54,28,23,25,51,32,28,44,44,58,38,59,23,31,53,51,44,20,45,59,40,49,48,50,58,33,22,57,28,31,29,53,35,30,56,40,55,28,34,41,45,45,39,41,37,35,49,59,39,23,53,59,25,40,0,38,40,40,20,58,41,41,43,40,52,35,21,24,53,23,55,29,46,58,39,40,31,46,25,50,53,31,35,41,59,28,31,45,28,51,34,24,50,54,53
96,20,47,42,23,25,49,53,26,51,21,21,54,56,48,30,42,55,23,34,37,41,59,51,47,52,49,45,59,57,23,56,46,46,42,29,52,22,34,56,35,55,24,42,50,48,31,28,36,30,51,55,22,25,20,25,56,21,54,51,47,43,23,26,20,44,59,20,37,45,41,32,36,22,51,24,54,39,38,30,57,55,48,35,40,43,43,48,51,34,48,27,51,55,23,27,39,0,35,31,46,24,25,33,25,42,49,51,31,24,25,29,47,33,26,47,59,52,29,24,23,44,21,56,32,40,42,45,41,47,20,28,30,43,28,35,28
97,50,34,55,30,20,29,44,43,31,29,32,37,23,42,42,48,31,53,58,36,39,40,37,35,52,52,56,57,42,56,29,31,30,24,26,45,39,46,50,22,22,38,29,23,34,21,43,53,37,29,36,33,48,55,21,42,56,40,52,29,49,49,37,46,31,43,36,34,35,34,50,21,49,58,21,23,40,53,25,25,47,55,25,35,20,24,44,28,46,46,22,55,44,31,44,44,27,0,54,40,20,20,29,32,32,29,31,43,32,50,20,47,30,50,34,32,48,44,26,28,23,24,46,28,55,59,38,30,26,35,39,58,27,40,30,52
98,56,57,21,51,22,52,37,39,38,32,21,39,50,26,25,52,53,30,55,32,33,23,38,58,36,31,52,21,26,45,39,40,51,52,29,44,51,31,58,39,51,48,41,26,44,57,32,43,50,34,48,51,40,26,32,23,53,37,55,58,43,55,46,50,59,39,57,56,56,59,25,29,39,32,56,30,28,20,28,37,59,36,21,36,21,55,41,41,30,46,45,20,41,47,47,38,59,48,0,24,42,35,23,56,20,50,28,40,58,56,57,59,23,27,32,48,31,30,50,58,50,58,24,29,37,48,37,20,33,51,23,49,53,25,41,38
99,42,39,56,28,20,58,55,23,51,48,44,38,49,35,53,22,22,49,34,41,50,24,24,22,49,44,29,27,36,36,30,38,47,43,25,42,25,45,36,23,27,40,31,32,30,34,53,23,40,27,53,38,49,45,51,45,26,48,46,52,59,31,55,53,52,28,39,21,45,28,59,39,23,42,29,38,25,33,45,41,36,40,59,23,54,20,42,38,21,51,34,34,58,26,56,52,41,42,42,0,41,38,29,46,38,59,29,24,49,38,47,23,26,52,32,20,23,22,37,45,48,41,41,44,27,59,50,27,24,56,36,24,51,49,31,29
100,32,55,28,57,26,37,44,52,49,23,56,45,59,57,56,25,25,53,56,40,29,43,38,42,24,34,33,28,41,38,31,45,38,54,59,28,23,37,40,35,53,55,37,31,20,43,47,34,50,54,20,57,46,29,29,49,57,57,27,31,47,21,34,20,58,54,44,21,29,21,21,58,51,31,56,44,36,46,52,35,50,49,35,49,54,25,26,36,43,48,59,58,23,25,50,54,53,22,54,52,0,36,20,35,39,35,32,42,52,40,51,54,35,22,31,46,59,47,30,38,55,26,42,57,55,48,54,30,51,42,38,35,51,40,47,47
101,22,27,51,21,23,30,31,56,44,45,26,58,49,34,40,49,32,23,40,52,53,33,51,33,32,20,28,43,23,43,25,20,52,38,39,54,30,51,36,42,55,29,45,58,34,52,57,46,29,31,24,35,54,54,31,51,52,58,36,33,41,33,30,52,48,58,59,50,32,36,39,58,29,48,51,31,55,36,58,34,28,39,55,52,26,39,29,47,39,38,57,31,44,59,31,43,58,35,42,53,27,0,49,46,26,40,20,48,56,43,21,55,46,30,56,39,29,59,48,48,49,42,45,26,34,52,36,32,37,32,42,36,28,35,43,44
102,46,40,54,38,23,21,37,39,27,51,39,56,59,37,41,52,29,51,27,47,36,43,39,30,52,34,57,57,40,45,46,40,45,43,58,59,32,39,58,43,58,38,31,53,46,26,44,44,43,31,36,42,48,22,57,41,48,43,38,55,24,50,41,37,55,35,24,34,31,39,38,42,32,47,46,37,33,28,47,33,27,42,27,25,28,43,23,25,59,33,32,26,52,27,44,44,45,54,30,55,55,25,0,35,52,36,27,23,36,56,33,43,24,35,29,57,25,23,52,32,48,59,53,39,39,25,22,30,30,30,22,58,59,29,21,45
103,26,26,56,56,45,34,28,50,54,46,48,44,56,32,46,43,51,23,20,22,40,26,48,34,28,26,45,49,20,59,47,27,51,45,55,24,31,56,49,54,59,56,38,34,58,55,38,48,30,57,36,25,38,23,25,22,26,40,48,49,37,52,32,26,31,29,58,35,28,33,30,38,56,56,24,36,23,34,58,47,41,28,49,25,35,53,23,39,39,23,30,38,46,40,47,27,30,27,27,32,42,30,32,0,51,45,51,43,41,58,42,30,48,24,58,58,36,32,33,35,53,47,57,38,36,23,28,22,56,38,46,30,54,34,52,51
104,40,22,57,47,46,41,23,29,30,54,31,31,52,48,54,23,37,37,58,46,34,34,27,59,55,48,54,59,52,40,42,29,49,43,25,20,34,27,55,31,33,47,55,22,20,24,39,53,44,35,34,39,24,52,30,36,29,41,59,42,31,40,38,59,49,35,45,34,33,52,21,49,50,41,40,25,33,20,40,48,44,56,53,54,22,58,45,47,56,27,34,51,23,58,53,35,54,46,57,33,35,57,30,22,0,28,53,52,55,46,54,33,20,45,30,41,50,51,22,28,28,40,50,23,32,37,54,29,20,28,53,56,30,41,35,45
105,58,29,45,31,31,58,37,43,58,59,48,32,32,38,41,46,46,31,47,42,33,34,41,41,28,48,42,30,27,42,30,43,52,52,33,57,55,24,55,52,56,32,33,27,50,59,30,21,26,49,29,40,50,48,50,25,35,47,38,29,28,27,59,58,41,23,44,53,57,34,27,50,23,20,56,41,31,32,55,34,27,54,30,51,34,47,33,42,37,41,26,47,47,55,59,50,47,45,39,40,22,49,21,21,27,0,35,39,27,57,33,38,22,46,37,56,23,31,43,28,26,39,52,28,48,43,20,38,55,52,43,23,57,48,43,35
106,56,37,56,53,38,42,37,25,34,45,24,24,43,47,32,55,36,29,22,44,59,22,42,34,46,50,36,33,55,56,32,50,21,43,36,37,21,39,43,54,56,58,20,38,41,32,25,58,29,56,46,22,42,49,27,31,57,32,58,39,31,32,22,51,32,49,57,50,41,55,51,42,33,57,42,30,56,20,50,36,22,55,21,36,44,47,45,22,54,49,59,41,26,50,36,51,51,23,36,55,57,41,52,53,45,43,0,21,54,41,43,35,58,37,44,37,45,32,20,26,49,53,36,52,47,24,42,38,53,45,24,32,57,52,24,27
107,44,43,56,46,22,43,52,32,31,45,44,39,55,33,25,38,29,54,23,39,20,35,55,44,57,42,50,58,25,53,31,42,20,25,35,29,48,37,31,27,26,24,53,37,24,43,34,53,42,58,20,41,20,23,40,27,40,58,59,46,50,58,49,54,29,36,31,29,34,57,29,53,27,40,41,56,31,31,52,32,51,45,49,52,41,52,24,47,59,49,47,22,58,20,38,27,52,39,40,36,25,42,45,29,42,30,24,0,23,24,30,46,29,24,37,28,47,41,39,45,47,39,46,40,55,34,37,43,25,20,29,53,40,47,49,50
108,22,51,52,32,34,48,25,43,27,48,22,21,22,43,35,49,55,37,58,37,55,31,56,35,22,47,59,48,43,46,34,55,37,37,43,23,39,28,24,55,45,35,33,48,52,36,57,54,27,48,27,35,41,38,42,44,27,45,59,41,38,30,34,58,47,41,39,34,41,23,43,35,24,53,46,47,24,26,41,21,46,55,56,38,56,44,42,27,20,44,54,47,28,49,58,36,49,32,46,54,37,50,49,49,23,31,48,32,0,49,58,43,39,33,26,25,30,45,22,33,29,28,25,25,38,41,46,23,46,45,46,41,24,30,34,40
109,49,50,38,49,53,23,48,47,59,23,41,38,33,27,31,42,57,20,23,36,49,30,33,51,33,38,57,54,23,24,44,43,36,53,55,33,45,53,52,31,56,43,22,50,23,48,53,35,39,53,25,55,49,29,59,56,24,48,23,37,54,29,55,26,34,45,49,29,32,26,36,22,32,40,48,49,34,28,26,57,41,32,28,33,30,52,49,22,20,22,42,40,37,46,30,28,37,44,41,21,31,28,55,27,23,36,23,52,56,0,46,48,49,42,41,43,34,52,57,32,38,36,40,31,41,31,54,52,34,37,24,58,44,36,20,57
110,48,41,28,47,44,51,30,36,59,32,28,32,41,22,21,41,33,28,47,33,22,20,56,48,45,43,54,38,43,54,59,20,28,47,59,52,40,22,39,49,35,24,48,40,22,25,29,21,44,45,29,23,28,38,26,42,23,57,58,39,30,21,59,43,51,34,27,59,48,26,34,45,41,27,33,41,26,26,33,39,22,51,28,44,35,40,25,30,46,30,34,50,36,39,22,50,30,58,48,56,41,47,31,36,32,44,40,48,30,26,0,25,45,34,49,20,30,43,49,51,22,50,58,52,54,26,54,22,38,50,21,48,27,42,43,41
111,26,45,31,54,39,25,20,48,49,47,50,24,58,20,27,47,45,45,56,34,29,22,43,23,22,48,59,51,47,31,55,25,43,29,39,24,46,33,44,30,49,48,54,32,59,42,44,21,38,37,28,56,35,55,52,38,24,28,56,52,20,53,23,36,52,54,31,37,36,55,24,41,41,54,41,48,33,22,48,22,51,57,22,56,37,22,32,31,39,38,53,47,40,48,50,50,44,46,59,54,34,28,47,32,43,33,54,52,48,35,43,0,37,37,22,40,37,27,24,35,43,23,39,50,54,39,45,20,57,34,40,34,38,50,27,36
112,31,41,45,52,44,57,30,47,50,40,38,58,34,53,22,58,43,29,45,38,50,34,22,57,24,25,59,53,59,59,37,35,50,53,41,20,41,56,20,26,30,24,29,28,23,48,50,43,56,47,37,25,39,57,46,25,34,23,20,35,21,57,38,32,50,48,52,48,58,54,20,58,52,53,47,29,30,50,53,50,50,39,51,35,31,53,34,27,36,28,56,35,26,25,39,37,36,52,58,59,32,39,58,46,23,51,36,36,39,56,34,46,0,46,28,47,35,57,54,40,33,24,42,49,59,32,22,53,44,25,51,57,55,30,33,45
113,27,40,52,44,31,46,40,20,55,47,35,41,44,27,36,34,28,46,32,35,20,29,31,32,38,40,58,54,33,45,53,50,49,54,34,26,56,54,42,30,23,59,59,56,36,35,47,23,50,27,24,25,52,59,37,52,35,41,38,34,59,53,22,20,51,47,21,33,26,57,22,46,56,55,32,23,47,30,27,53,56,54,27,54,52,30,35,24,41,45,50,22,25,31,46,35,26,21,33,38,43,40,32,39,26,49,35,44,29,23,47,40,24,0,34,38,41,26,55,26,51,32,43,52,50,34,52,35,40,27,54,39,24,41,49,48
114,41,58,48,33,40,45,27,30,32,50,43,47,30,52,46,25,47,24,35,30,59,23,29,42,33,38,25,45,46,25,39,46,31,39,43,43,58,25,34,43,41,23,49,28,31,44,57,53,39,38,29,57,22,54,28,39,48,22,36,36,36,54,24,43,53,24,33,42,56,49,49,58,38,22,37,25,31,57,45,21,26,57,48,21,22,34,37,32,44,23,34,36,27,33,29,42,37,38,49,35,57,58,33,45,27,32,41,57,52,38,52,20,42,53,0,48,46,32,45,56,41,49,46,43,49,52,51,32,39,24,46,25,25,20,46,35
115,47,33,45,26,43,24,58,57,35,36,42,28,56,22,22,43,27,47,41,55,51,40,57,40,38,20,39,27,36,21,41,21,21,55,59,48,49,54,31,57,39,38,45,52,38,25,33,58,55,20,53,42,24,23,37,59,40,31,43,20,40,39,58,34,58,36,28,44,45,57,41,46,54,38,21,21,45,40,33,49,59,31,50,49,35,35,25,42,44,55,42,38,42,56,45,46,41,23,49,36,51,27,31,38,25,39,37,56,56,46,25,54,39,59,22,0,32,48,57,58,24,37,24,43,46,24,54,38,30,24,21,27,29,58,52,55
116,25,23,32,28,46,47,38,50,27,55,28,36,58,29,47,28,29,57,49,48,56,43,43,35,25,31,59,26,45,27,27,57,32,50,41,29,26,51,20,55,31,35,52,24,28,49,55,25,59,38,45,52,20,20,52,55,47,33,35,35,53,22,41,33,58,34,44,34,58,37,25,49,41,30,26,52,43,35,44,36,42,34,45,36,35,20,38,35,32,45,49,57,52,42,42,31,57,41,21,21,37,55,23,38,24,26,55,29,32,34,23,43,28,55,32,26,0,23,31,43,52,38,48,35,54,21,23,45,28,21,48,37,54,57,49,57
117,45,21,50,44,34,36,55,39,32,30,37,53,23,48,43,27,21,53,41,32,29,24,45,31,30,42,56,49,48,50,24,36,46,38,48,20,20,54,46,22,29,57,49,33,37,41,42,36,36,51,28,20,36,54,28,51,39,32,51,25,34,51,29,22,29,21,39,32,37,36,31,29,57,52,31,39,27,25,25,33,38,54,54,53,45,27,24,21,41,22,39,29,36,38,42,25,40,35,53,48,51,41,54,20,43,23,26,49,41,43,50,27,23,59,38,58,49,0,35,44,46,22,52,39,23,26,59,52,21,38,46,40,54,51,48,23
118,24,39,41,58,36,58,33,30,40,52,31,27,49,50,50,31,46,42,43,55,39,43,48,25,48,29,34,28,51,44,48,45,35,35,53,52,57,58,33,23,54,33,51,42,41,55,21,29,51,45,45,44,39,48,58,32,42,40,37,50,39,51,58,39,32,32,37,40,30,49,58,36,29,42,23,21,24,22,36,22,53,49,50,51,20,20,28,55,37,58,50,28,30,42,23,44,22,45,36,29,44,53,32,29,57,43,40,32,27,41,51,37,57,59,32,38,29,22,0,47,41,52,59,54,48,34,44,50,39,47,43,42,23,55,27,59
119,39,49,39,58,41,24,20,24,30,46,24,21,26,41,58,44,32,57,51,51,33,29,58,45,28,47,21,54,20,56,48,59,31,51,22,27,43,50,48,37,38,30,25,37,31,27,24,25,28,24,48,39,56,35,34,56,59,47,27,30,53,26,56,41,28,56,26,51,44,49,48,25,56,48,49,42,37,28,54,58,24,24,33,58,35,29,20,24,53,32,56,52,35,21,52,24,42,26,53,53,22,58,30,23,33,36,48,30,34,38,44,35,24,45,20,50,45,47,32,0,37,55,35,58,20,34,38,26,38,48,53,38,25,32,33,44
120,29,29,44,27,55,23,30,24,35,21,49,53,34,23,57,39,49,44,33,32,55,24,55,23,46,54,37,21,41,36,21,50,28,56,45,59,52,54,30,32,39,59,52,53,34,28,33,38,24,50,41,24,58,25,20,47,42,41,42,57,47,20,30,39,35,28,48,30,20,49,21,38,54,27,49,23,26,43,46,25,49,23,33,33,55,22,31,21,44,23,48,55,30,31,38,32,50,32,33,37,35,36,26,57,34,21,31,22,52,20,28,57,23,42,42,25,20,26,33,39,0,27,39,36,43,35,42,51,58,21,29,28,21,53,35,49
121,58,29,34,47,54,47,31,46,35,20,45,49,33,49,34,37,28,24,37,38,37,24,59,52,32,30,52,45,55,51,30,59,22,21,49,41,37,42,40,50,34,46,43,55,35,30,46,47,56,39,36,54,41,36,47,39,51,41,37,47,45,23,52,42,42,39,41,39,55,45,55,56,44,25,56,46,28,26,27,45,22,52,45,28,59,59,50,41,47,53,49,49,40,20,22,59,32,58,27,36,40,25,32,58,26,21,25,32,50,32,57,25,58,20,42,53,22,57,42,53,55,0,50,45,27,21,26,46,33,31,52,52,35,26,31,40
122,54,26,44,52,54,47,33,31,31,43,57,44,39,51,49,51,48,48,51,49,24,22,40,46,58,36,54,58,30,29,47,45,45,31,29,49,46,26,49,44,49,38,48,22,23,56,33,31,58,47,51,21,32,22,27,23,45,33,26,20,46,39,31,45,42,43,33,20,22,56,40,33,41,40,50,26,49,23,53,41,32,22,54,42,56,29,59,29,35,31,48,47,44,26,45,52,23,44,50,21,45,46,46,26,56,36,47,28,39,25,52,57,29,54,48,39,56,23,37,37,50,41,0,31,37,32,35,47,51,45,44,49,50,49,55,32
123,49,34,21,57,54,37,45,26,59,51,49,42,33,39,44,55,37,39,24,38,25,38,23,51,20,57,49,25,33,57,23,45,21,56,27,46,39,43,40,59,26,22,21,56,46,49,28,31,51,34,35,42,20,33,29,30,29,54,50,47,28,49,59,57,46,20,51,26,21,32,45,32,26,35,27,35,29,54,37,35,39,26,49,45,45,27,57,56,31,37,34,22,30,23,45,39,39,49,33,27,42,54,29,46,35,54,23,24,41,45,29,24,23,39,25,44,24,59,42,23,51,56,50,0,22,50,49,32,30,33,31,28,28,27,28,40
124,22,23,37,29,57,52,40,45,32,58,59,47,35,57,24,29,33,43,35,55,34,20,32,20,22,49,28,22,37,49,49,44,20,51,36,38,33,23,43,36,47,43,37,52,20,59,22,30,34,51,56,28,46,42,31,59,31,34,50,37,46,27,37,55,40,40,46,44,35,21,20,37,31,22,46,27,26,43,31,26,43,37,23,45,20,37,42,30,25,51,45,25,43,20,56,47,26,40,45,32,59,58,48,56,50,21,25,23,33,24,41,58,56,21,26,43,20,53,56,34,34,25,57,41,0,40,21,31,58,27,46,44,25,30,36,37
125,54,44,43,26,49,39,30,24,26,41,33,55,32,31,50,31,40,33,20,57,25,36,44,44,53,23,31,54,43,34,37,42,44,45,46,27,21,39,56,42,48,40,24,51,59,20,54,25,34,35,22,34,29,34,51,56,54,53,48,33,41,44,34,40,53,41,52,39,23,57,54,35,46,46,28,36,37,38,48,34,51,50,44,26,38,30,47,56,37,39,43,30,58,40,49,46,49,31,52,39,57,54,51,34,22,49,41,59,20,55,59,30,42,27,49,40,39,35,54,52,53,34,29,24,53,0,33,35,29,48,35,50,32,44,58,59
126,32,54,32,26,59,54,42,22,24,39,57,33,46,37,30,54,51,28,23,57,46,36,42,49,56,56,53,42,46,24,32,58,26,31,23,59,37,25,38,53,54,28,20,25,47,20,33,21,55,23,30,29,56,22,21,22,33,47,41,46,31,28,37,34,20,26,34,44,53,24,35,39,58,40,31,26,44,30,38,43,46,23,58,25,39,42,56,53,54,59,41,35,56,37,53,56,55,33,24,39,40,54,46,21,45,21,41,49,26,56,36,55,42,25,34,35,52,36,58,20,36,43,35,27,21,53,0,50,41,57,44,53,34,37,20,38
127,51,44,48,36,59,20,44,32,24,45,50,32,44,41,21,38,23,53,27,40,50,49,33,50,39,51,47,20,36,39,51,29,31,28,42,56,40,35,32,24,44,25,52,55,30,34,44,23,38,42,26,41,39,28,38,48,43,36,29,49,51,32,27,22,22,41,56,54,38,49,25,47,59,45,31,38,51,27,37,36,21,38,51,56,44,53,24,29,43,25,40,45,55,54,34,47,52,27,25,33,32,27,43,41,22,26,21,40,38,34,20,34,32,44,30,20,22,43,51,45,55,57,45,57,25,39,31,0,29,56,26,49,30,40,52,58
128,28,58,55,57,26,38,55,46,49,55,26,31,33,40,24,30,42,47,24,20,57,21,33,44,58,24,37,47,37,38,23,39,58,51,45,41,24,33,43,43,24,43,25,27,30,35,32,37,45,48,55,38,39,35,44,28,42,36,47,41,39,30,25,37,31,33,41,22,28,30,53,37,45,58,22,25,33,32,31,55,38,23,41,46,58,21,26,20,46,59,26,26,57,48,38,36,21,57,42,50,46,52,59,30,59,50,37,26,49,45,37,35,38,42,33,47,33,58,42,24,45,23,37,32,53,34,34,34,0,57,20,37,25,54,34,35
129,28,24,28,39,51,22,20,52,41,36,23,29,32,37,57,35,41,39,37,37,32,32,43,50,57,54,44,45,39,24,46,45,57,52,22,42,22,29,35,26,28,24,54,46,28,38,52,28,45,51,36,34,34,24,44,57,22,54,50,22,53,54,24,50,34,42,41,48,45,51,44,51,59,55,56,40,21,27,44,55,29,47,45,41,59,21,21,53,43,35,29,32,30,35,31,50,55,53,32,27,58,36,22,37,44,42,40,39,41,27,49,54,59,22,56,31,42,24,58,44,57,43,37,38,56,23,33,54,40,0,28,44,56,54,27,27
130,54,47,33,50,51,24,35,31,32,47,50,23,20,30,21,20,59,29,53,45,39,22,58,26,49,43,53,49,29,27,46,25,28,22,29,24,36,57,44,20,26,25,47,57,43,35,43,25,31,48,53,55,34,36,55,38,46,57,44,29,47,57,53,27,29,21,58,40,55,58,34,36,51,30,43,26,28,34,20,49,48,22,31,50,57,32,31,57,46,30,57,31,23,41,29,31,56,28,57,24,27,40,25,26,34,23,36,30,54,37,50,22,36,39,32,20,27,29,31,33,53,39,42,20,56,46,45,38,45,40,0,22,41,31,30,36
131,49,53,24,22,50,57,54,20,38,45,58,22,40,47,26,59,24,45,44,48,32,21,48,54,38,51,36,32,23,46,41,27,44,26,51,31,39,31,22,28,50,21,30,23,59,56,39,53,58,37,43,33,30,50,25,23,43,24,57,28,40,31,36,53,24,41,38,33,22,27,58,52,48,45,37,30,26,21,48,57,27,40,37,35,59,55,22,33,43,31,28,28,33,43,24,32,53,21,43,30,52,54,28,54,27,42,27,26,26,50,47,52,28,27,45,21,38,25,27,28,38,52,27,22,51,58,57,59,25,30,32,0,50,46,59,51
132,56,33,29,25,26,35,20,44,56,22,48,23,47,34,35,45,34,36,42,27,49,20,52,36,55,43,30,36,23,47,37,29,32,55,23,52,40,31,22,41,52,59,58,51,52,51,32,40,30,24,30,25,54,51,25,55,45,49,48,39,39,53,37,23,53,46,50,25,58,42,29,33,40,39,57,20,39,35,44,47,55,35,30,57,28,37,48,37,28,35,20,40,58,50,35,29,35,46,49,48,57,25,38,47,20,24,31,57,55,43,39,49,54,52,41,23,39,50,47,39,27,54,21,40,47,49,59,35,29,40,34,48,0,34,47,43
133,30,49,54,57,27,48,37,53,28,40,42,39,52,58,33,32,32,56,33,53,32,24,31,49,28,42,52,50,27,55,49,34,59,33,30,54,28,57,37,35,39,40,21,41,58,24,27,38,22,22,23,26,28,31,34,21,54,55,24,45,26,44,29,40,25,22,42,43,46,41,59,31,24,28,40,52,59,44,54,53,20,34,55,55,40,22,23,29,20,56,23,59,25,23,51,30,38,58,31,34,39,29,29,37,44,27,25,36,40,27,36,27,49,33,26,47,58,32,29,31,28,42,23,50,43,27,34,32,48,34,22,33,56,0,21,37
134,56,41,27,57,34,30,20,31,48,48,47,49,26,29,40,35,37,27,28,36,33,36,30,26,48,28,37,36,44,23,52,38,24,38,57,47,21,35,40,20,30,31,42,41,30,39,57,55,44,50,49,45,23,29,30,23,58,23,36,31,28,53,50,29,49,20,59,53,30,50,33,41,55,40,45,22,37,32,36,37,58,57,25,40,47,52,40,33,20,22,27,54,37,55,50,50,21,58,34,43,29,28,44,45,27,43,36,49,25,33,20,57,35,55,38,36,21,34,54,36,55,51,24,24,34,26,56,47,44,39,58,26,48,26,0,26
135,20,36,23,27,32,46,30,22,46,31,50,35,47,30,27,50,51,22,43,54,34,23,41,45,35,59,26,30,22,40,49,38,35,39,54,35,47,51,42,53,43,36,58,26,59,33,42,39,32,35,43,31,35,24,56,36,45,37,22,21,21,55,42,49,40,48,33,45,36,59,54,56,34,42,38,43,30,58,56,34,37,38,43,40,42,44,27,40,21,59,53,29,24,26,41,51,36,43,36,59,29,56,31,37,46,50,39,31,49,49,20,43,57,40,41,28,31,58,47,54,48,43,22,41,27,37,29,31,26,49,21,23,54,29,28,0
